method,mse,rmse,nrmse
normalized_interpolation_index,0.5899708295818371,0.7680955862272854,0.7680955862272854
