method,mse,rmse,nrmse
normalized_interpolation_index,0.589790441467024,0.7679781516859864,0.7679781516859864
