method,mse,rmse,nrmse
normalized_interpolation_index,0.5901143149265691,0.7681889838617637,0.7681889838617637
